[
  {
    "name": "Switchpay",
    "code": "SWITCHPAY",
    "base_url": "https://www.switchpay.in",
    "client_id": "swp_sm_284a39b6-3fee-4a91-b75e-19f9cda4414e",
    "secret_key": "Bearer 266|YwrPumvpaBoifDkKj8rhNNi17T0sh8XYWFz4Fzwu",
    "status": true
  },
  {
    "name": "Anilex",
    "code": "ANILEX",
    "base_url": "https://letspaywallet.in",
    "client_id": "Token",
    "secret_key": "eyJ0eXAiOiJKV1QiLCJhbGciOiJIUzI1NiJ9.eyJhZXBzX2tleSI6IjYzMjMwZTc5OGM0MjM3NzJlNTExZDZkNSIsImFlcHNfaXYiOiI3NjEzNmExYmYwZDMyYzg4NTBhYzViZjlmNDBkIn0.f8OrkWgZ_gx0IH9GjY3QiFnApN6nb-1IOnIom80mmPM",
    "status": false
  },
  {
    "name": "Genniepay",
    "code": "GENNIEPAY",
    "base_url": "https://gcds.genniepay.com/gcds-payin-svc",
    "client_id": "ed88e519-40e4-416d-b013-cbaac63fffb8",
    "secret_key": "1198908f-52a4-4bcc-a6c4-1497f1a701c7",
    "status": false
  },
  {
    "name": "Geckiopay",
    "code": "GECKIOPAY",
    "base_url": "https://dashboard.geckiopay.in/api/v1/upi",
    "client_id": "GPKEY7f25fb31524375f9f5b25b5f",
    "secret_key": "GPTKN231bcd32c80a27010882867e72c0",
    "status": false
  }
]
